Age,Education Level,IT Student,Location,Load-shedding,Financial Condition,Internet Type,Network Type,Class Duration,Self Lms,Device,Institution_Type_Government,Institution_Type_Non Government,Gender_Boy,Gender_Girl,Adaptivity Level
4,2,1,0,0,1,0,1,1,1,2,0,1,1,0,1
2,0,0,1,0,1,0,2,2,0,0,0,1,0,1,1
2,0,0,1,0,0,0,1,1,0,0,0,1,0,1,0
2,0,0,1,0,1,1,2,0,0,0,0,1,1,0,0
4,2,1,1,0,1,1,1,2,1,2,0,1,1,0,0
2,0,0,1,0,0,0,1,1,0,0,0,1,1,0,0
2,0,0,1,0,1,1,2,0,0,0,0,1,1,0,0
2,0,0,1,0,1,1,2,1,0,0,0,1,1,0,0
0,0,0,1,0,1,0,2,1,0,0,0,1,0,1,1
4,2,0,0,1,1,0,2,1,0,0,1,0,1,0,0
4,2,1,0,1,1,0,1,1,0,0,1,0,1,0,0
3,2,0,1,0,1,1,1,1,1,2,1,0,1,0,1
3,1,0,0,0,1,0,1,1,1,0,0,1,0,1,0
5,2,0,0,0,0,0,2,0,0,0,1,0,1,0,0
0,0,0,1,0,0,0,2,1,0,0,0,1,1,0,0
4,2,1,1,0,1,1,1,2,1,2,0,1,0,1,0
4,2,1,1,1,0,1,2,1,1,2,0,1,1,0,2
4,2,1,1,0,1,1,1,2,1,0,0,1,0,1,1
2,0,0,1,0,1,0,2,1,0,0,0,1,0,1,1
2,0,0,1,0,1,0,1,1,0,0,0,1,1,0,1
1,0,0,0,0,1,0,1,0,0,0,1,0,0,1,0
2,0,0,1,0,1,1,2,1,0,0,1,0,1,0,1
3,0,0,0,0,2,0,2,1,0,0,1,0,0,1,2
2,0,1,1,0,1,0,1,1,0,0,0,1,1,0,1
2,0,0,1,0,1,1,2,1,0,0,0,1,1,0,1
4,2,0,0,0,1,0,2,1,0,0,1,0,1,0,1
2,0,0,1,0,1,1,2,1,0,0,0,1,1,0,1
3,1,0,0,1,1,0,2,1,0,0,1,0,0,1,1
2,0,1,1,0,1,0,1,1,0,0,0,1,1,0,1
2,0,0,1,0,1,0,1,1,0,0,0,1,0,1,1
4,2,0,1,0,1,0,2,1,0,0,1,0,0,1,0
4,2,1,1,0,2,1,2,2,0,2,0,1,0,1,2
2,0,0,1,0,2,0,1,1,0,0,0,1,1,0,2
4,2,1,1,0,1,1,1,2,1,2,0,1,0,1,0
3,0,0,1,0,1,1,2,1,0,0,1,0,1,0,1
4,2,0,1,0,0,0,2,1,1,0,0,1,1,0,2
4,2,1,1,1,0,1,2,1,1,2,0,1,1,0,2
2,0,0,1,0,1,0,2,1,0,0,0,1,1,0,0
4,2,0,0,0,0,0,1,1,0,0,1,0,1,0,0
2,0,0,1,0,1,0,1,1,0,0,0,1,0,1,1
0,0,0,1,0,1,1,2,1,0,0,0,1,0,1,1
5,2,0,1,0,1,0,2,0,0,0,1,0,0,1,0
4,2,1,0,1,1,0,1,2,1,0,0,1,1,0,2
3,1,0,1,0,1,1,2,1,0,0,1,0,0,1,1
2,0,0,1,0,1,1,2,0,0,0,0,1,1,0,0
3,1,0,0,0,1,1,2,1,0,0,0,1,0,1,0
3,1,0,0,0,1,1,2,1,0,0,0,1,0,1,0
4,2,1,1,0,1,1,2,2,0,2,0,1,1,0,0
4,2,1,1,0,2,1,2,2,0,2,0,1,0,1,1
3,0,0,1,0,2,0,2,1,0,0,1,0,1,0,1
2,0,0,1,0,1,0,2,1,0,0,0,1,1,0,1
5,2,1,1,0,1,1,2,2,0,2,0,1,1,0,1
2,0,0,0,0,1,0,1,1,0,0,1,0,0,1,0
2,0,0,0,1,1,0,1,0,0,0,0,1,0,1,0
1,0,0,0,1,1,0,0,0,0,0,1,0,1,0,0
3,1,0,0,1,1,0,1,1,0,0,1,0,0,1,1
4,2,0,1,0,1,0,2,0,0,0,0,1,1,0,0
1,0,0,1,0,2,1,2,2,0,0,0,1,1,0,2
5,2,0,0,0,0,0,2,1,0,0,1,0,0,1,0
0,0,0,1,0,1,0,2,1,0,0,0,1,0,1,1
2,0,0,1,0,1,0,2,1,0,0,0,1,1,0,1
2,0,0,1,1,0,1,2,0,0,0,0,1,1,0,0
3,1,0,0,0,1,1,2,1,0,0,0,1,0,1,0
3,1,0,1,1,1,1,2,1,0,0,1,0,1,0,1
2,0,0,1,0,1,1,2,1,0,0,0,1,1,0,1
2,0,0,1,0,1,0,2,1,0,0,0,1,1,0,1
4,2,0,1,0,1,0,2,1,0,0,0,1,1,0,0
5,2,1,0,1,1,0,1,1,0,0,0,1,1,0,1
2,0,0,1,0,1,0,1,1,0,0,0,1,0,1,1
3,1,0,1,1,1,1,2,1,0,0,0,1,0,1,0
2,0,0,1,0,1,0,1,1,0,0,0,1,0,1,1
5,2,1,1,0,1,1,1,1,1,0,0,1,1,0,1
0,0,0,1,0,1,0,2,1,0,0,0,1,0,1,1
2,0,0,1,0,0,0,1,1,0,0,0,1,0,1,1
3,1,0,1,1,1,1,2,2,0,2,0,1,0,1,1
3,1,0,1,1,1,1,2,2,0,2,0,1,0,1,1
2,0,0,1,0,1,0,2,1,0,0,0,1,1,0,2
2,0,0,1,0,1,0,1,1,0,0,0,1,0,1,1
4,2,1,1,0,1,1,2,1,0,2,0,1,1,0,1
4,2,0,1,0,1,0,2,0,0,0,1,0,1,0,0
5,2,1,1,0,1,1,2,0,0,2,1,0,1,0,0
4,2,0,0,0,1,0,1,1,0,0,1,0,1,0,0
2,0,0,1,0,1,0,2,1,0,0,0,1,1,0,1
4,2,0,0,1,0,0,2,2,0,0,1,0,1,0,1
4,2,0,0,0,1,0,2,1,1,0,0,1,1,0,1
3,0,0,1,0,0,0,1,0,0,0,0,1,0,1,0
4,2,0,1,0,1,1,2,0,0,0,1,0,0,1,0
2,0,0,1,0,1,0,2,1,0,0,0,1,0,1,1
3,1,0,1,0,1,1,2,2,0,0,0,1,0,1,1
1,0,0,1,0,1,0,2,0,0,0,1,0,1,0,0
4,2,1,0,1,1,0,1,1,0,0,1,0,1,0,1
4,2,1,1,1,0,1,1,2,0,2,0,1,1,0,1
4,2,0,1,0,1,1,2,2,0,1,0,1,1,0,1
3,1,0,1,0,1,1,2,1,0,0,1,0,1,0,0
4,2,1,1,0,1,0,1,1,0,2,1,0,1,0,0
3,2,0,1,0,1,1,1,1,1,2,1,0,1,0,1
2,0,0,0,0,0,0,1,0,0,0,1,0,1,0,0
5,2,0,1,0,1,1,2,1,0,0,1,0,0,1,0
2,0,0,1,0,1,0,2,1,0,0,0,1,0,1,1
4,2,0,1,0,1,1,2,2,0,0,0,1,1,0,1
0,0,0,1,0,1,0,2,1,0,0,0,1,0,1,1
4,2,1,1,0,1,1,1,2,1,2,0,1,1,0,1
0,0,0,1,0,0,0,2,1,0,0,0,1,0,1,1
3,1,0,0,0,1,0,2,1,0,0,1,0,0,1,0
5,2,0,0,0,0,0,2,0,0,0,1,0,0,1,0
3,1,0,0,0,1,1,2,1,0,0,0,1,0,1,0
5,2,0,0,0,0,0,2,0,0,0,1,0,1,0,0
4,2,1,1,1,0,0,1,1,1,0,0,1,1,0,1
4,2,1,1,0,1,0,1,2,1,0,0,1,1,0,0
2,0,0,1,0,1,0,2,1,0,0,0,1,1,0,1
2,0,0,1,1,0,1,2,1,0,0,0,1,1,0,0
4,2,1,0,0,1,0,1,1,1,2,0,1,1,0,1
1,0,0,1,0,0,0,1,1,0,0,0,1,0,1,0
2,0,0,1,0,0,0,1,1,0,0,0,1,1,0,1
4,2,0,1,0,0,0,2,0,0,0,1,0,0,1,0
2,0,0,1,0,1,0,2,1,0,0,0,1,0,1,1
0,0,0,1,0,1,1,2,1,0,0,0,1,0,1,1
3,0,0,1,0,1,1,2,1,0,0,1,0,1,0,1
4,2,1,0,0,1,0,1,1,1,0,0,1,0,1,1
1,0,0,1,0,1,0,2,0,0,0,1,0,1,0,0
3,0,0,1,0,1,1,2,1,0,0,1,0,1,0,1
4,2,1,1,0,1,1,2,1,0,0,0,1,1,0,0
2,0,0,0,1,1,0,1,0,0,0,0,1,0,1,0
5,2,0,1,0,1,1,2,0,0,0,1,0,0,1,0
2,0,0,1,0,0,0,1,1,0,0,0,1,1,0,1
4,2,1,1,1,0,1,1,2,0,0,0,1,1,0,0
3,1,0,1,1,1,1,2,2,0,0,0,1,0,1,1
4,2,1,1,0,1,0,1,2,1,0,0,1,1,0,0
4,2,1,1,0,1,1,1,1,1,0,0,1,1,0,1
4,2,1,1,1,1,0,1,2,1,0,0,1,1,0,1
5,2,0,0,0,0,0,2,0,0,0,1,0,0,1,0
4,2,1,0,1,0,0,1,2,1,0,0,1,1,0,1
4,1,0,0,1,1,0,1,0,0,0,1,0,0,1,0
5,2,0,1,0,1,1,2,1,0,0,1,0,1,0,1
4,2,0,1,0,2,1,2,2,0,2,0,1,0,1,1
4,2,0,1,0,1,0,2,1,0,0,0,1,0,1,1
2,0,0,1,0,1,0,2,2,0,0,0,1,1,0,1
2,0,0,1,0,0,0,2,1,0,0,0,1,1,0,1
2,0,0,1,0,1,0,1,1,0,0,0,1,1,0,0
2,0,0,1,0,0,0,1,1,0,0,0,1,1,0,0
1,0,0,1,0,2,1,2,1,0,0,0,1,0,1,2
2,0,1,1,0,1,0,1,1,0,0,0,1,1,0,1
3,1,1,1,0,1,1,2,0,0,0,1,0,1,0,1
3,1,0,1,1,1,1,2,2,0,0,0,1,0,1,1
3,0,0,1,0,0,0,1,0,0,0,0,1,0,1,0
2,0,0,1,0,1,0,2,1,0,0,0,1,0,1,1
4,2,1,1,1,1,0,1,2,1,0,0,1,1,0,1
2,0,0,1,0,2,0,1,1,0,0,0,1,1,0,1
2,0,0,1,0,1,0,2,1,0,0,0,1,1,0,1
2,0,0,1,0,2,1,1,1,0,0,0,1,0,1,2
5,2,0,1,0,1,0,2,0,0,0,1,0,0,1,0
3,1,0,1,0,1,1,2,2,0,0,0,1,0,1,1
4,1,1,0,0,0,0,2,0,0,0,1,0,1,0,0
4,2,0,1,0,1,1,2,2,0,1,0,1,0,1,1
2,0,0,0,1,0,0,0,1,0,0,1,0,0,1,0
3,0,0,0,0,1,1,2,1,0,0,1,0,1,0,1
2,0,0,1,1,0,1,2,0,0,0,0,1,1,0,0
4,2,1,1,0,1,1,1,1,0,2,0,1,1,0,1
0,0,0,1,0,1,0,2,1,0,0,0,1,0,1,1
2,0,0,1,0,1,0,1,1,0,0,0,1,0,1,1
2,0,0,1,0,1,0,2,1,0,0,0,1,1,0,2
4,2,0,1,0,1,1,2,2,0,1,0,1,1,0,1
4,2,1,1,0,1,1,2,1,0,2,0,1,1,0,1
2,0,0,1,0,1,0,2,2,0,0,0,1,0,1,1
5,2,0,0,0,1,0,2,1,0,0,1,0,1,0,2
3,1,0,0,1,1,1,2,2,0,0,0,1,0,1,1
2,0,0,1,0,1,0,1,1,0,0,0,1,0,1,1
1,0,0,1,0,0,0,1,1,0,0,0,1,0,1,2
4,2,1,1,0,1,0,2,1,0,0,0,1,1,0,1
3,1,0,1,0,1,1,2,1,0,0,1,0,0,1,1
0,0,0,1,0,1,1,2,1,0,0,0,1,1,0,0
2,0,0,1,0,0,1,1,1,0,0,0,1,0,1,1
0,0,0,1,0,0,0,2,1,0,0,0,1,0,1,1
4,2,0,0,0,1,0,1,1,0,0,1,0,1,0,0
2,0,0,1,0,0,0,1,1,0,0,0,1,1,0,1
2,0,0,1,0,1,0,2,1,0,0,0,1,0,1,1
2,0,0,1,0,1,0,2,2,0,0,0,1,1,0,1
2,0,0,1,0,1,0,2,1,0,0,0,1,0,1,1
5,2,1,1,1,0,0,1,1,1,2,0,1,1,0,1
4,2,1,0,1,0,0,1,2,1,0,0,1,1,0,1
3,0,0,1,0,2,0,2,1,0,0,1,0,1,0,1
2,0,0,1,0,1,0,2,1,0,0,0,1,0,1,1
0,0,0,1,0,0,0,2,1,0,0,0,1,0,1,1
3,0,0,1,0,1,1,2,1,0,2,0,1,0,1,0
2,0,0,1,0,2,1,1,1,0,0,0,1,0,1,2
0,0,0,1,0,1,1,2,1,0,0,0,1,0,1,1
4,2,0,1,0,1,1,2,2,0,2,0,1,0,1,1
4,2,1,1,0,1,0,1,1,0,0,1,0,1,0,0
3,0,0,1,0,1,0,2,1,0,0,1,0,0,1,0
4,2,1,1,0,1,0,1,1,1,0,1,0,1,0,1
4,2,0,1,0,1,1,2,2,0,1,0,1,0,1,1
4,2,0,1,0,1,1,2,2,0,2,0,1,0,1,1
3,1,0,0,0,1,0,2,0,0,0,1,0,0,1,0
0,0,0,1,0,0,0,2,1,0,0,0,1,0,1,1
3,1,0,1,0,1,1,2,1,0,0,0,1,1,0,1
3,1,0,1,0,1,1,2,1,0,0,0,1,0,1,1
1,0,0,1,0,1,0,1,1,0,0,0,1,0,1,1
3,1,0,1,0,1,1,2,2,0,0,0,1,0,1,2
4,2,1,0,1,0,1,0,2,1,1,0,1,0,1,0
4,2,1,1,0,2,1,2,2,0,0,0,1,1,0,0
4,2,0,1,0,1,0,2,1,1,0,1,0,0,1,1
5,2,1,1,0,2,1,2,1,0,0,1,0,1,0,2
2,0,0,1,0,0,0,1,1,0,0,0,1,1,0,0
3,1,0,0,0,1,0,2,0,0,0,1,0,0,1,0
3,1,0,1,1,1,0,2,1,0,0,1,0,1,0,0
3,1,0,0,1,1,1,2,2,0,0,0,1,0,1,1
4,2,0,1,0,2,1,2,2,0,2,0,1,1,0,2
3,0,0,1,0,1,1,2,1,0,0,1,0,1,0,1
4,1,0,0,1,1,0,2,0,0,0,1,0,0,1,0
0,0,0,1,0,0,0,2,1,0,0,0,1,0,1,1
0,0,0,1,0,1,0,2,1,0,0,0,1,0,1,1
4,2,1,1,0,1,1,2,1,0,2,0,1,1,0,1
4,2,1,1,0,1,1,2,1,0,0,0,1,1,0,0
3,2,1,1,0,1,0,1,1,0,0,0,1,0,1,0
5,2,0,1,0,1,0,2,0,0,0,1,0,0,1,0
4,2,1,1,0,1,1,2,1,0,2,0,1,1,0,1
4,2,1,1,0,1,1,2,1,0,2,0,1,1,0,1
4,2,0,1,0,1,0,2,1,0,0,0,1,1,0,0
2,0,0,1,0,1,0,2,1,0,0,0,1,1,0,1
2,0,0,1,0,0,0,1,1,0,0,0,1,1,0,0
2,0,0,1,0,1,0,1,1,0,0,0,1,1,0,1
0,0,0,1,0,0,1,2,1,0,0,0,1,0,1,1
3,1,0,1,0,1,1,2,1,0,0,0,1,0,1,1
0,0,0,1,0,1,0,2,1,0,0,0,1,0,1,1
3,1,0,1,0,1,0,1,1,1,0,0,1,0,1,1
3,1,0,0,0,1,0,2,0,0,0,1,0,0,1,0
0,0,0,1,0,1,0,2,1,0,0,0,1,0,1,1
4,2,0,1,0,1,1,0,2,0,0,0,1,0,1,1
2,0,0,1,0,1,0,1,1,0,0,0,1,1,0,1
4,2,0,1,0,1,1,2,2,0,2,0,1,1,0,1
3,0,0,1,0,1,1,2,1,0,0,1,0,1,0,1
5,2,1,1,0,1,1,1,1,1,0,0,1,1,0,1
3,1,0,0,1,0,0,1,1,0,0,1,0,1,0,1
4,2,1,1,0,1,1,2,1,0,2,0,1,1,0,1
4,2,0,1,0,1,1,2,2,0,2,0,1,1,0,1
4,2,1,0,1,1,0,1,1,1,0,0,1,1,0,1
2,0,0,1,0,1,0,1,1,0,0,0,1,1,0,1
2,0,0,1,0,1,0,1,1,0,0,0,1,0,1,1
4,2,0,1,0,2,1,2,2,0,1,0,1,1,0,2
2,0,0,0,0,1,0,1,0,0,0,1,0,0,1,0
3,1,0,0,1,1,1,2,2,0,0,0,1,0,1,1
2,0,0,1,0,1,0,2,1,0,0,0,1,1,0,1
1,0,0,1,0,1,0,1,1,0,0,0,1,1,0,0
4,2,0,0,0,0,0,1,1,0,0,1,0,1,0,0
3,1,0,1,1,1,1,2,1,0,0,0,1,0,1,0
3,1,0,0,1,0,0,1,1,0,0,1,0,1,0,1
2,0,0,1,0,1,0,2,1,0,0,0,1,0,1,1
3,1,1,1,0,1,0,2,1,1,0,1,0,1,0,0
3,2,1,0,1,0,0,1,1,1,0,0,1,0,1,1
1,0,0,1,0,1,0,1,1,0,0,0,1,1,0,0
3,0,0,1,0,2,0,2,1,0,0,1,0,1,0,1
4,2,1,1,0,1,1,2,2,0,2,0,1,1,0,0
2,0,0,1,0,1,1,2,1,0,0,0,1,1,0,1
0,0,0,1,0,0,0,2,1,0,0,0,1,0,1,1
2,0,0,1,0,1,0,1,1,0,0,0,1,0,1,1
2,0,0,1,0,1,0,1,1,0,0,0,1,0,1,1
4,1,0,0,1,1,0,1,0,0,0,1,0,0,1,0
4,1,1,0,0,0,0,2,0,0,0,1,0,1,0,0
3,1,0,1,0,1,1,2,2,0,0,1,0,1,0,1
2,0,0,1,0,0,0,1,1,0,0,0,1,1,0,0
3,1,0,1,0,1,1,2,1,0,2,0,1,0,1,1
2,0,0,0,1,1,0,1,0,0,0,0,1,0,1,0
3,0,0,1,0,1,0,2,0,0,0,0,1,0,1,0
0,0,0,1,0,0,0,2,1,0,0,0,1,0,1,1
4,2,0,1,0,1,1,2,2,0,1,0,1,0,1,1
0,0,0,1,0,0,0,2,1,0,0,0,1,0,1,1
3,2,1,0,0,1,0,1,2,1,0,0,1,0,1,1
2,0,0,1,0,0,0,1,1,0,0,0,1,0,1,1
3,1,0,0,0,1,1,2,1,0,0,1,0,1,0,0
4,2,1,1,1,1,0,1,2,1,0,0,1,1,0,1
3,1,0,0,0,1,0,2,1,0,0,1,0,0,1,0
5,2,1,0,0,0,0,2,1,0,0,1,0,1,0,1
2,0,0,1,0,1,0,1,1,0,0,0,1,1,0,1
3,1,0,1,0,1,1,2,1,0,0,0,1,0,1,0
3,1,0,0,1,1,0,1,1,0,0,1,0,0,1,0
2,0,0,1,0,1,0,2,1,0,0,0,1,1,0,1
4,2,0,1,1,0,1,2,2,0,0,0,1,0,1,0
2,0,0,1,0,0,0,2,2,0,0,0,1,0,1,1
5,2,0,1,0,1,1,2,0,0,0,1,0,0,1,0
5,2,0,1,0,1,1,2,1,1,0,0,1,1,0,1
3,1,0,1,0,0,0,2,1,0,0,1,0,1,0,0
1,0,0,1,0,2,1,2,2,0,0,0,1,1,0,2
2,0,0,1,0,1,0,2,1,0,0,0,1,1,0,1
4,2,1,1,0,1,0,2,1,0,0,0,1,1,0,1
4,2,0,0,0,1,0,2,0,0,0,1,0,1,0,1
3,0,0,1,0,2,0,2,1,0,0,1,0,1,0,1
3,1,0,0,1,0,0,2,0,0,0,1,0,0,1,0
3,1,0,0,0,1,0,2,0,0,0,1,0,0,1,0
1,0,0,1,0,2,1,2,1,0,0,0,1,1,0,1
2,0,0,1,0,1,0,1,1,0,0,0,1,1,0,1
4,2,0,1,0,1,1,2,2,0,1,0,1,1,0,1
2,0,0,1,0,1,0,1,1,0,0,0,1,1,0,1
4,2,0,0,0,1,1,2,1,0,0,0,1,0,1,1
2,0,0,1,0,1,1,2,1,0,0,0,1,1,0,0
5,2,0,0,0,0,0,2,1,0,0,1,0,0,1,0
3,1,0,0,0,1,1,2,1,0,0,1,0,1,0,0
3,1,0,1,1,1,1,2,1,0,0,0,1,0,1,0
2,0,0,1,0,0,0,2,2,0,0,0,1,0,1,1
2,0,0,1,0,0,0,1,1,0,0,0,1,0,1,0
4,2,1,0,0,1,1,2,2,1,2,0,1,1,0,1
4,2,0,1,0,1,1,2,2,0,0,0,1,1,0,1
4,2,0,0,0,1,0,2,1,0,0,0,1,1,0,1
4,2,1,0,1,1,0,1,1,1,0,0,1,1,0,1
0,0,0,1,0,1,1,2,1,0,0,0,1,1,0,0
2,0,0,1,0,1,1,2,1,0,0,0,1,1,0,0
4,2,1,1,0,1,1,2,2,1,2,0,1,1,0,1
3,1,0,1,1,1,1,2,1,0,0,0,1,0,1,0
2,0,1,1,0,1,0,2,1,0,0,0,1,1,0,1
4,2,1,0,1,1,0,1,1,0,0,1,0,1,0,0
4,2,0,1,0,2,1,2,2,0,2,0,1,1,0,2
4,2,1,0,0,1,0,1,1,1,2,0,1,1,0,1
0,0,0,1,0,0,0,2,1,0,0,0,1,0,1,1
2,0,0,1,0,1,0,2,1,0,0,0,1,1,0,1
4,2,1,0,0,1,1,2,2,1,2,0,1,1,0,1
2,0,0,1,0,1,0,2,1,0,0,0,1,0,1,1
4,2,0,1,0,1,0,2,0,0,0,1,0,1,0,0
3,1,0,0,0,1,1,2,1,0,0,0,1,0,1,0
2,0,0,1,0,1,0,2,1,0,0,0,1,1,0,1
3,0,0,1,0,2,0,2,1,0,0,1,0,1,0,1
3,1,0,0,1,0,0,2,0,0,0,1,0,0,1,0
0,0,0,1,0,1,0,2,1,0,0,0,1,0,1,1
4,2,0,1,0,1,0,2,0,0,0,1,0,1,0,0
3,0,0,0,0,0,0,1,0,0,0,1,0,1,0,0
3,1,0,0,1,1,0,1,1,0,0,1,0,0,1,0
3,1,1,1,0,1,0,2,1,1,0,1,0,1,0,0
2,0,0,1,0,2,1,1,1,0,0,0,1,0,1,2
4,2,1,1,0,2,1,2,1,1,2,0,1,1,0,2
4,2,1,1,1,1,1,2,1,0,0,0,1,0,1,0
1,0,0,1,0,1,1,1,1,0,0,0,1,0,1,2
4,2,0,1,1,1,0,1,1,1,0,0,1,1,0,1
2,0,0,1,0,1,0,1,1,0,0,0,1,1,0,1
2,0,0,1,0,0,0,1,1,0,0,0,1,0,1,0
2,0,0,1,1,1,1,2,1,0,2,0,1,1,0,0
4,2,0,1,0,1,1,2,2,0,2,0,1,0,1,1
4,2,1,0,0,1,1,2,2,1,2,0,1,1,0,1
4,1,1,1,0,1,0,2,1,0,0,1,0,0,1,1
2,0,0,1,0,1,0,2,1,0,0,0,1,1,0,2
4,2,1,0,1,1,0,1,2,1,0,0,1,1,0,2
4,2,1,1,0,1,1,2,1,0,2,0,1,1,0,1
5,2,0,0,0,0,0,2,0,0,0,1,0,1,0,0
4,2,1,1,1,0,1,1,2,0,0,0,1,1,0,0
2,0,0,1,0,0,0,1,1,0,0,0,1,1,0,0
4,2,1,1,0,1,1,2,1,1,0,0,1,0,1,1
4,2,0,1,0,1,1,2,2,0,1,0,1,1,0,1
3,1,1,1,0,1,0,2,1,1,0,1,0,1,0,0
3,1,0,0,1,0,0,1,1,0,0,1,0,1,0,1
3,1,0,1,0,1,1,2,1,0,0,0,1,0,1,0
2,0,1,1,0,1,0,1,1,0,0,0,1,0,1,1
4,2,0,0,0,1,0,0,1,0,0,1,0,0,1,0
3,1,0,1,1,1,0,2,1,0,0,1,0,1,0,0
3,1,0,1,0,1,1,2,1,0,0,1,0,0,1,1
3,1,0,1,0,1,1,2,2,0,0,1,0,1,0,1
2,0,0,1,0,2,1,2,1,0,0,1,0,0,1,1
3,1,0,0,0,1,0,2,1,0,0,1,0,0,1,0
4,1,0,0,0,1,0,2,0,0,0,1,0,1,0,0
2,0,0,1,0,1,0,2,1,0,0,0,1,1,0,1
3,1,0,1,0,1,0,1,1,0,0,1,0,0,1,0
3,1,0,0,0,1,1,2,1,0,0,0,1,0,1,0
3,0,0,0,0,1,1,2,1,0,0,1,0,1,0,1
4,2,1,0,0,1,1,2,2,1,2,0,1,1,0,1
4,2,0,0,1,0,0,2,2,0,0,1,0,1,0,1
3,1,0,1,0,1,1,2,1,0,0,1,0,1,0,0
2,0,0,1,0,1,0,2,1,0,0,0,1,0,1,1
4,2,0,1,1,0,1,2,2,0,0,0,1,0,1,0
2,0,0,1,0,0,0,1,1,0,0,0,1,1,0,0
4,2,1,1,0,1,0,1,1,0,0,1,0,1,0,0
3,1,0,1,1,1,0,2,1,0,0,1,0,1,0,1
2,0,0,1,0,0,1,1,1,0,0,0,1,0,1,1
3,1,0,1,1,1,1,2,1,0,0,0,1,0,1,0
3,1,1,1,0,1,0,2,1,1,0,1,0,1,0,0
4,2,0,0,1,1,0,2,1,0,0,1,0,1,0,0
3,1,1,0,0,2,1,2,0,0,0,1,0,1,0,0
4,1,0,0,0,1,0,2,0,0,0,1,0,1,0,0
2,0,0,1,0,1,0,2,1,0,0,1,0,1,0,1
4,2,0,1,0,1,1,2,2,0,2,0,1,1,0,1
4,2,0,0,0,0,0,2,1,1,0,0,1,1,0,0
2,0,1,1,0,1,0,1,1,0,0,0,1,0,1,1
3,1,0,1,0,1,1,1,1,0,0,1,0,0,1,1
3,2,1,1,0,1,1,2,1,0,2,0,1,0,1,1
4,2,1,1,0,1,1,2,1,0,2,0,1,1,0,1
3,2,1,0,0,1,0,1,2,1,0,0,1,0,1,1
2,0,1,1,0,1,0,1,1,0,0,0,1,0,1,1
4,2,1,0,0,1,1,2,2,1,2,0,1,1,0,1
2,0,0,1,0,1,1,2,1,0,0,1,0,1,0,1
3,2,1,1,0,1,1,2,1,1,2,0,1,0,1,1
2,0,0,1,0,1,1,2,0,0,0,0,1,1,0,0
2,0,0,1,0,1,0,2,1,0,0,0,1,1,0,1
5,2,0,0,0,0,0,2,1,0,0,1,0,0,1,0
4,2,0,0,0,1,0,2,0,0,0,1,0,1,0,1
2,0,0,1,0,1,0,1,1,0,0,0,1,0,1,1
4,2,0,1,0,1,0,1,1,1,0,1,0,1,0,0
1,0,0,0,0,1,0,1,0,0,0,1,0,0,1,0
4,2,0,1,0,1,1,2,2,0,1,0,1,1,0,1
2,0,1,1,0,1,0,2,1,0,0,0,1,1,0,1
2,0,0,1,0,2,1,2,1,0,0,1,0,0,1,1
2,0,0,1,0,1,0,1,1,0,0,0,1,1,0,1
3,1,0,0,0,1,1,2,1,0,0,0,1,0,1,0
2,0,0,1,0,1,0,2,1,0,0,0,1,0,1,1
0,0,0,1,0,1,0,2,1,0,0,0,1,0,1,1
3,1,0,1,0,1,1,2,2,0,0,0,1,0,1,1
5,2,1,1,0,1,1,1,1,1,0,0,1,1,0,1
4,2,0,1,0,0,0,2,0,0,0,1,0,0,1,0
4,2,1,0,1,1,0,1,1,0,0,1,0,1,0,1
5,2,0,0,0,0,0,2,0,0,0,1,0,1,0,0
0,0,0,1,0,1,0,2,1,0,0,0,1,0,1,1
4,2,1,1,0,1,1,2,1,0,2,0,1,1,0,1
4,2,1,1,0,1,1,2,1,0,2,0,1,1,0,1
5,2,1,1,0,2,1,2,1,0,2,1,0,1,0,2
5,2,1,0,1,1,0,1,1,0,0,0,1,1,0,1
3,1,0,1,0,1,1,2,1,0,0,0,1,0,1,0
4,2,0,0,0,1,1,2,0,0,0,0,1,0,1,0
4,2,0,0,0,1,1,2,1,0,0,1,0,0,1,0
2,0,1,1,0,1,0,1,1,0,0,0,1,0,1,1
3,0,0,1,0,0,0,1,0,0,0,0,1,0,1,0
5,2,0,0,0,1,0,2,1,0,0,1,0,1,0,2
3,1,0,0,1,1,0,1,1,0,0,1,0,1,0,0
2,0,0,1,0,1,0,1,1,0,0,0,1,1,0,0
3,2,0,1,0,1,1,2,1,1,0,1,0,0,1,0
2,0,0,1,0,2,0,1,1,0,0,0,1,1,0,2
4,2,1,1,1,1,0,1,2,1,0,0,1,1,0,1
5,2,1,1,0,1,1,2,2,0,2,0,1,1,0,1
2,0,0,1,0,1,0,2,1,0,0,0,1,0,1,1
2,0,0,1,0,0,0,1,1,0,0,0,1,0,1,1
3,2,0,1,0,1,1,2,1,1,0,1,0,0,1,0
4,2,1,1,1,0,1,2,1,1,2,0,1,1,0,2
4,2,1,1,0,2,1,2,2,0,2,0,1,0,1,1
0,0,0,0,0,1,0,2,0,0,0,1,0,1,0,0
3,1,0,0,0,1,0,2,0,0,0,1,0,0,1,0
2,0,0,1,0,0,1,1,1,0,0,0,1,0,1,1
4,2,0,1,0,1,0,2,1,0,0,0,1,0,1,1
4,2,1,1,0,1,1,2,1,1,0,0,1,1,0,1
2,0,0,1,1,0,1,2,1,0,0,0,1,1,0,0
3,2,0,1,0,1,1,2,2,1,2,1,0,1,0,0
3,1,0,0,0,1,0,1,2,1,0,0,1,0,1,0
3,1,0,0,0,1,0,2,0,0,0,1,0,0,1,0
3,1,0,1,0,1,1,2,1,0,0,1,0,1,0,0
2,0,0,1,0,1,0,1,1,0,0,0,1,1,0,1
2,0,0,1,0,1,0,1,1,0,0,0,1,0,1,1
3,0,0,1,0,0,0,1,0,0,0,0,1,0,1,0
3,1,0,1,0,1,1,2,1,0,0,1,0,1,0,0
2,0,0,1,0,0,0,1,1,0,0,0,1,0,1,0
3,1,0,0,0,1,0,1,2,1,0,0,1,0,1,0
3,1,1,1,0,1,0,2,1,0,0,1,0,1,0,1
4,2,1,1,1,0,1,2,1,1,2,0,1,1,0,2
2,0,0,1,0,2,1,2,1,0,0,1,0,0,1,1
2,0,0,1,0,0,0,1,1,0,0,0,1,0,1,0
2,0,0,1,0,1,0,2,1,0,0,0,1,0,1,1
3,1,0,1,0,1,1,2,2,0,0,1,0,1,0,1
0,0,0,1,0,1,0,2,1,0,0,0,1,0,1,1
5,2,1,1,0,0,0,2,0,0,2,1,0,0,1,0
4,2,0,1,0,1,1,2,2,0,2,0,1,0,1,1
3,0,0,1,0,0,0,1,0,0,0,0,1,0,1,0
4,2,1,1,0,1,1,2,1,1,0,0,1,1,0,1
0,0,0,1,0,1,0,2,1,0,0,0,1,0,1,1
2,0,0,1,0,0,0,1,1,0,0,0,1,0,1,0
4,2,1,1,1,0,0,1,1,1,0,0,1,1,0,0
2,0,0,1,0,1,0,2,1,0,0,0,1,0,1,1
2,0,0,1,0,1,1,2,1,0,0,1,0,0,1,0
2,0,0,1,0,1,0,2,1,0,0,0,1,1,0,2
4,2,0,0,0,1,0,2,1,1,0,0,1,1,0,1
1,0,0,0,0,1,0,1,0,0,0,1,0,0,1,0
2,0,0,1,0,1,0,1,1,0,0,0,1,1,0,1
4,2,1,0,0,1,0,1,1,1,0,0,1,0,1,1
0,0,0,1,0,1,0,2,1,0,0,0,1,0,1,1
1,0,0,1,0,2,1,2,1,0,0,0,1,1,0,1
1,0,0,1,0,1,0,0,1,0,0,0,1,0,1,0
4,2,0,1,0,1,1,2,2,0,1,0,1,1,0,1
4,2,1,1,0,1,0,1,1,0,2,1,0,1,0,0
4,1,0,1,0,1,0,2,1,0,0,1,0,1,0,0
0,0,0,1,0,2,0,2,1,1,0,1,0,0,1,0
2,0,0,1,0,1,0,2,1,0,0,0,1,1,0,1
4,2,0,1,0,1,1,2,2,0,0,0,1,1,0,1
4,2,0,1,0,1,1,2,2,0,2,0,1,1,0,1
4,2,1,1,1,1,0,1,1,1,2,0,1,1,0,1
2,0,0,1,0,1,0,2,2,0,0,0,1,1,0,1
0,0,0,1,0,1,0,2,1,0,0,0,1,0,1,1
4,2,1,1,1,1,1,2,2,1,2,0,1,1,0,0
0,0,0,1,0,1,0,2,1,0,0,0,1,0,1,1
3,1,0,0,0,1,0,1,2,1,0,0,1,0,1,0
2,0,0,1,0,1,0,2,1,0,0,0,1,0,1,1
3,1,0,1,1,1,1,2,1,0,0,0,1,0,1,0
3,2,1,1,0,1,0,1,1,0,0,0,1,0,1,0
5,2,1,0,0,0,0,2,1,0,0,1,0,1,0,1
2,0,0,0,0,1,0,1,1,0,0,0,1,1,0,0
4,2,0,0,0,1,1,2,1,0,0,0,1,0,1,1
4,2,0,1,0,1,0,2,1,0,0,1,0,0,1,0
5,2,1,1,0,1,1,2,0,0,2,1,0,1,0,0
4,2,0,0,0,1,1,2,0,0,0,0,1,1,0,1
3,1,1,1,0,1,1,2,1,1,1,1,0,1,0,1
2,0,0,1,0,1,0,2,1,0,0,0,1,0,1,1
3,2,1,1,0,1,0,1,1,0,0,0,1,0,1,0
4,1,0,0,1,1,0,1,0,0,0,1,0,0,1,0
3,1,0,1,1,1,1,2,1,0,0,0,1,0,1,0
0,0,0,1,0,1,1,2,1,0,0,0,1,1,0,0
2,0,0,1,0,1,1,2,1,0,0,1,0,1,0,2
4,1,1,1,0,1,0,2,1,0,0,1,0,1,0,1
2,0,0,1,0,1,0,1,1,0,0,0,1,1,0,1
2,0,0,1,0,1,1,2,1,0,2,1,0,1,0,1
2,0,0,1,0,1,0,2,1,0,0,1,0,1,0,1
3,0,0,1,0,1,1,2,1,0,0,0,1,0,1,0
3,1,0,1,0,1,1,2,1,0,0,0,1,0,1,1
2,0,0,1,0,2,0,1,1,0,0,0,1,1,0,1
0,0,0,1,0,0,0,2,1,0,0,0,1,0,1,1
2,0,0,1,0,0,0,2,2,0,0,0,1,1,0,1
3,1,0,1,1,1,1,2,1,0,0,0,1,0,1,0
4,2,1,1,0,1,1,1,1,1,0,0,1,1,0,0
3,1,0,0,1,1,0,1,0,0,0,0,1,0,1,0
3,0,0,1,0,0,0,1,0,0,0,0,1,0,1,0
4,2,0,1,0,2,1,2,2,0,2,0,1,1,0,2
3,1,0,0,1,1,1,2,2,0,0,0,1,0,1,1
4,2,1,1,1,1,0,1,2,1,0,0,1,1,0,1
0,0,0,1,0,0,0,2,1,0,0,0,1,1,0,0
4,2,1,1,1,1,1,1,2,1,0,0,1,0,1,1
2,0,0,1,0,1,0,2,1,0,0,0,1,1,0,1
4,2,1,0,1,1,0,1,1,0,0,1,0,1,0,0
2,0,0,1,0,1,0,2,1,0,0,0,1,1,0,0
2,0,0,1,0,0,0,1,1,0,0,0,1,0,1,1
2,0,1,1,0,1,0,1,1,0,0,0,1,1,0,1
4,2,0,0,1,0,0,2,2,0,0,1,0,1,0,1
4,1,1,1,0,1,0,2,1,0,0,1,0,0,1,1
4,2,1,1,0,1,1,2,1,1,0,0,1,0,1,1
2,0,0,1,1,1,1,2,1,0,0,0,1,1,0,1
4,2,0,0,0,1,0,0,1,0,0,1,0,0,1,0
3,2,1,1,0,1,1,2,1,1,2,0,1,0,1,1
2,0,0,0,0,1,0,1,0,0,0,1,0,1,0,0
3,1,0,0,1,1,0,1,0,0,0,0,1,0,1,0
4,2,1,1,0,1,1,1,2,1,2,0,1,1,0,0
4,2,0,0,0,1,0,2,1,0,0,0,1,1,0,1
3,1,0,1,0,1,1,2,1,0,0,1,0,1,0,0
3,2,1,0,0,1,0,1,2,1,0,0,1,0,1,1
4,2,0,1,0,1,1,2,2,0,2,0,1,0,1,1
2,0,0,1,0,1,0,2,1,0,0,0,1,1,0,1
4,2,0,1,0,1,1,2,2,1,2,0,1,1,0,1
3,1,1,1,0,1,1,2,0,0,0,1,0,1,0,1
2,0,1,1,0,1,0,1,1,0,0,0,1,0,1,1
4,2,1,0,1,0,0,1,1,1,0,0,1,1,0,1
4,2,0,1,0,1,0,2,1,0,0,1,0,0,1,0
5,2,0,1,0,1,1,2,0,0,0,1,0,0,1,0
0,0,0,1,0,0,0,2,1,0,0,0,1,0,1,1
4,1,1,1,0,1,0,2,1,0,0,1,0,0,1,1
2,0,0,1,0,2,0,1,1,0,0,0,1,1,0,1
3,1,0,1,1,1,1,2,2,0,0,0,1,0,1,1
2,0,0,0,0,0,0,1,0,0,0,1,0,1,0,0
4,2,1,1,0,1,1,1,2,1,0,0,1,0,1,1
3,2,1,1,0,1,0,1,1,0,0,0,1,0,1,0
3,1,0,0,1,0,0,0,1,0,0,1,0,1,0,0
4,2,1,0,1,1,1,2,1,1,2,0,1,0,1,1
2,0,1,1,0,1,0,1,1,0,0,0,1,0,1,1
0,0,0,1,0,0,0,2,1,0,0,0,1,0,1,1
2,0,0,1,0,0,0,1,1,0,0,0,1,1,0,0
2,0,0,1,0,0,0,1,1,0,0,0,1,1,0,0
0,0,0,1,0,1,0,2,1,0,0,0,1,0,1,1
2,0,0,1,0,1,1,2,1,0,0,1,0,1,0,2
2,0,0,1,0,1,1,2,1,0,0,0,1,1,0,0
5,2,0,0,0,0,0,2,1,0,0,1,0,0,1,0
4,2,1,1,0,1,1,2,2,0,2,0,1,1,0,0
0,0,0,1,0,0,1,2,1,0,0,0,1,0,1,1
5,2,1,1,0,2,1,2,1,0,2,1,0,1,0,2
4,2,0,1,0,1,0,2,0,0,0,1,0,1,0,0
3,1,0,1,0,1,1,2,1,0,2,0,1,0,1,1
4,2,0,0,0,0,0,2,1,1,0,0,1,1,0,0
4,2,1,1,1,1,1,2,1,0,0,0,1,0,1,0
2,0,0,1,0,0,1,1,1,0,0,0,1,0,1,1
4,2,1,1,0,1,1,2,2,0,2,0,1,1,0,0
0,0,0,1,0,0,0,2,1,0,0,0,1,0,1,1
2,0,0,1,0,1,0,1,1,0,0,0,1,1,0,0
2,0,0,1,0,0,0,1,1,0,0,0,1,0,1,0
2,0,0,1,0,1,1,2,0,0,0,0,1,1,0,0
2,0,0,1,1,1,1,2,1,0,2,0,1,1,0,0
2,0,0,1,0,1,0,1,1,0,0,0,1,1,0,1
3,1,0,0,0,1,1,2,1,0,0,0,1,0,1,0
3,1,0,0,0,1,0,2,0,0,0,1,0,0,1,0
2,0,0,1,0,2,1,2,1,0,0,1,0,0,1,0
2,0,0,1,0,1,0,2,2,0,0,0,1,1,0,1
2,0,0,1,0,1,0,2,1,0,0,0,1,0,1,1
0,0,0,1,0,0,0,2,1,0,0,0,1,0,1,1
2,0,0,0,0,1,0,1,0,0,0,1,0,0,1,0
4,2,0,0,0,1,1,2,1,0,0,1,0,0,1,0
3,1,0,1,0,1,1,2,2,0,0,1,0,1,0,1
0,0,0,1,0,1,0,2,1,0,0,0,1,0,1,1
2,0,0,1,0,1,0,1,1,0,0,0,1,1,0,1
3,0,0,1,0,1,1,2,1,0,0,1,0,1,0,1
3,1,0,0,1,0,0,2,0,0,0,1,0,0,1,0
2,0,0,1,1,0,1,2,1,0,0,0,1,1,0,0
4,2,0,1,0,1,1,2,2,1,2,0,1,1,0,1
1,0,0,0,0,1,0,1,0,0,0,1,0,1,0,0
4,2,1,1,0,1,1,2,2,0,2,0,1,1,0,0
2,0,0,1,0,1,1,2,1,0,0,1,0,1,0,2
2,0,0,1,0,1,1,2,1,0,2,1,0,1,0,1
4,2,1,1,1,1,0,1,2,1,0,0,1,1,0,1
2,0,0,0,0,1,0,1,0,0,0,1,0,1,0,0
2,0,0,1,0,0,0,1,1,0,0,0,1,1,0,0
2,0,0,1,0,2,1,1,1,0,0,0,1,0,1,2
3,2,0,1,0,1,1,2,2,1,2,1,0,1,0,0
3,1,0,0,1,1,0,1,1,0,0,1,0,0,1,1
1,0,0,1,0,2,1,2,1,0,0,0,1,1,0,1
3,1,0,1,0,1,1,2,2,0,0,1,0,1,0,1
4,2,1,1,0,2,1,2,1,1,2,0,1,1,0,2
3,2,0,1,0,1,1,2,1,1,0,1,0,0,1,0
4,2,1,1,0,1,1,2,1,0,2,0,1,1,0,1
4,2,0,1,0,0,0,2,1,1,0,0,1,1,0,2
5,2,1,1,0,2,1,2,1,0,2,1,0,1,0,2
2,0,0,1,0,1,0,2,1,0,0,0,1,0,1,1
5,2,0,1,0,1,1,2,1,0,0,1,0,0,1,0
5,2,1,1,0,0,0,2,0,0,2,1,0,0,1,0
4,2,0,1,0,1,1,2,2,0,1,0,1,0,1,1
2,0,0,1,0,1,0,2,1,0,0,0,1,1,0,1
4,2,1,1,1,1,0,1,2,1,0,0,1,1,0,1
1,0,0,1,0,0,0,1,1,0,0,0,1,0,1,2
3,1,0,0,0,1,0,1,1,0,0,0,1,0,1,1
4,2,0,1,0,1,0,2,0,0,0,1,0,1,0,0
3,1,0,0,0,1,1,2,1,0,0,1,0,1,0,0
4,2,1,0,0,1,1,2,2,1,2,0,1,1,0,1
2,0,0,1,0,0,0,1,1,0,0,0,1,1,0,0
3,1,0,1,0,1,1,1,1,0,0,1,0,0,1,1
3,1,0,1,0,1,0,1,1,0,0,1,0,1,0,1
4,2,1,1,1,0,1,2,1,1,2,0,1,1,0,2
2,0,0,1,0,1,0,2,1,0,0,0,1,1,0,2
4,2,0,1,0,1,0,2,2,0,0,1,0,1,0,1
4,2,0,0,0,1,1,2,0,0,0,0,1,1,0,1
2,0,1,1,0,1,0,1,1,0,0,0,1,0,1,1
0,0,0,1,0,1,0,2,1,0,0,0,1,0,1,1
4,2,1,1,1,1,1,2,1,0,0,0,1,0,1,0
2,0,1,1,0,1,0,2,1,0,0,0,1,0,1,1
4,2,0,1,0,1,1,2,2,0,1,0,1,0,1,1
5,2,1,1,0,2,1,2,1,0,0,1,0,1,0,2
4,2,1,1,1,0,0,1,1,1,0,0,1,1,0,0
2,0,0,1,0,0,0,1,1,0,0,0,1,0,1,1
1,0,0,1,0,0,0,1,1,0,0,0,1,0,1,2
2,0,0,1,0,2,0,1,1,0,0,0,1,1,0,1
4,2,1,0,1,0,0,1,2,1,0,0,1,1,0,1
2,0,0,1,0,1,0,1,1,0,0,0,1,1,0,1
4,1,1,1,0,1,0,2,1,0,0,1,0,1,0,1
4,2,1,1,0,1,1,1,1,1,0,0,1,1,0,0
2,0,0,1,0,1,0,1,1,0,0,0,1,1,0,0
2,0,0,1,0,0,0,1,1,0,0,0,1,0,1,0
4,2,1,1,1,0,1,1,2,0,0,0,1,1,0,0
4,2,1,1,0,1,0,2,1,0,0,0,1,1,0,1
3,1,0,1,1,1,0,2,1,0,0,1,0,1,0,1
4,2,0,1,1,1,0,1,1,1,0,0,1,1,0,1
3,1,0,0,0,1,0,2,0,0,0,1,0,0,1,0
2,0,0,1,0,0,0,2,2,0,0,0,1,1,0,1
4,2,0,1,0,1,0,2,1,1,0,1,0,0,1,1
4,2,0,1,0,1,1,2,2,0,1,0,1,1,0,1
4,2,1,1,0,1,1,1,2,1,2,0,1,1,0,0
4,1,1,1,0,1,0,2,1,0,0,1,0,1,0,1
3,1,0,1,0,1,1,2,1,0,0,0,1,1,0,1
3,1,0,0,0,1,1,2,1,0,0,0,1,0,1,0
2,0,0,1,0,0,0,1,1,0,0,0,1,1,0,0
3,2,1,1,0,1,1,2,1,0,2,0,1,0,1,1
3,1,0,1,0,1,1,2,2,0,0,1,0,1,0,1
4,2,1,1,0,1,1,1,1,1,0,0,1,1,0,0
4,2,1,1,0,1,1,2,2,0,2,0,1,1,0,0
3,1,0,1,1,1,1,2,1,0,0,0,1,0,1,0
3,2,0,0,0,0,0,2,1,0,0,1,0,1,0,1
1,0,0,1,0,1,0,1,1,0,0,0,1,0,1,1
4,2,1,0,1,1,1,2,1,1,2,0,1,0,1,1
2,0,0,1,0,2,0,1,1,0,0,0,1,1,0,1
3,1,0,0,0,1,1,2,1,0,0,0,1,0,1,0
4,2,1,0,1,1,1,2,1,1,2,0,1,0,1,1
0,0,0,1,0,0,0,2,1,0,0,0,1,0,1,1
3,1,0,0,0,1,1,2,1,0,0,0,1,0,1,0
2,0,0,1,0,2,0,2,1,0,0,0,1,1,0,2
2,0,0,1,1,0,1,2,0,0,0,0,1,1,0,0
5,2,0,1,0,1,1,2,1,0,0,1,0,0,1,0
2,0,0,1,0,1,0,2,1,0,0,0,1,0,1,1
3,1,0,1,0,1,1,2,1,0,0,0,1,0,1,0
4,2,1,1,1,1,0,1,2,1,0,0,1,1,0,1
4,2,0,1,0,1,0,2,0,0,0,0,1,1,0,0
3,1,0,0,1,1,0,1,1,0,0,1,0,0,1,0
2,0,1,1,0,1,0,2,1,0,0,0,1,1,0,1
1,0,0,1,0,1,0,1,1,0,0,0,1,0,1,1
3,2,0,1,0,1,1,2,1,1,0,1,0,0,1,0
4,2,1,1,0,1,1,2,1,0,0,0,1,1,0,0
0,0,0,1,0,0,0,2,1,0,0,0,1,1,0,0
2,0,0,1,0,0,0,1,1,0,0,0,1,0,1,0
4,2,1,0,1,1,0,1,2,0,2,0,1,1,0,0
2,0,0,1,0,1,0,2,1,0,0,0,1,1,0,1
3,0,0,1,0,1,1,2,1,0,0,0,1,0,1,0
4,2,1,0,0,1,0,1,1,1,0,0,1,0,1,1
5,2,1,0,0,0,0,2,1,0,0,1,0,1,0,1
3,1,0,0,0,1,1,2,1,0,0,1,0,1,0,0
3,1,0,1,1,1,1,2,1,0,0,1,0,1,0,1
4,2,1,1,1,0,1,2,1,1,2,0,1,1,0,2
2,0,0,1,0,0,0,1,1,0,0,0,1,1,0,0
4,2,1,0,0,1,0,1,1,1,0,0,1,0,1,1
3,2,1,1,0,1,0,1,1,0,0,0,1,0,1,0
2,0,0,1,1,0,1,2,0,0,0,0,1,1,0,0
3,0,0,1,0,1,1,2,0,0,0,0,1,0,1,0
3,1,0,1,0,1,1,2,1,0,0,1,0,1,0,0
4,2,1,1,1,1,0,1,1,1,2,0,1,1,0,1
4,1,1,1,0,1,0,2,1,0,0,1,0,0,1,1
0,0,0,0,0,1,0,2,0,0,0,1,0,1,0,0
5,2,1,0,0,0,0,2,1,0,0,1,0,1,0,1
4,2,0,0,0,0,0,1,1,0,0,1,0,1,0,0
0,0,0,1,0,0,0,2,1,0,0,0,1,0,1,1
4,2,1,1,1,1,1,2,1,0,0,0,1,0,1,0
2,0,0,1,0,2,1,2,1,0,0,1,0,0,1,1
4,2,0,1,0,1,1,2,2,0,1,0,1,0,1,1
2,0,0,1,0,2,0,1,1,0,0,0,1,1,0,1
2,0,1,1,0,1,0,2,1,0,0,0,1,0,1,1
4,2,1,0,1,0,0,1,1,1,0,0,1,1,0,1
4,2,1,1,0,2,1,2,2,0,2,0,1,0,1,1
3,1,0,1,0,1,1,2,2,0,0,0,1,0,1,1
3,1,0,1,1,1,1,2,2,0,0,0,1,0,1,1
2,0,0,1,0,1,0,2,1,0,0,0,1,1,0,0
3,1,0,0,1,1,0,2,1,0,0,1,0,0,1,1
5,2,0,0,0,0,0,2,0,0,0,1,0,1,0,0
0,0,0,1,0,1,0,2,1,0,0,0,1,0,1,1
0,0,0,1,0,0,0,2,1,0,0,0,1,0,1,1
3,1,0,1,0,1,1,2,1,0,0,0,1,1,0,1
2,0,0,0,0,0,0,1,0,0,0,1,0,1,0,0
3,1,0,1,0,1,1,1,1,1,0,1,0,1,0,1
2,0,0,1,0,1,0,2,1,0,0,0,1,1,0,2
1,0,0,1,0,0,0,1,1,0,0,0,1,0,1,0
2,0,0,1,0,2,0,2,1,0,0,0,1,1,0,2
2,0,0,0,0,1,0,1,1,0,0,0,1,1,0,0
2,0,0,1,0,1,0,2,1,0,0,0,1,0,1,1
4,2,1,1,1,1,0,1,2,1,0,0,1,1,0,1
2,0,0,1,0,0,0,1,1,0,0,0,1,1,0,1
3,1,1,1,0,1,1,2,1,1,1,1,0,1,0,1
1,0,0,1,0,1,0,1,1,0,0,0,1,1,0,0
4,2,1,1,1,1,1,2,1,0,0,0,1,0,1,0
3,2,1,0,1,0,0,1,1,1,0,0,1,0,1,1
4,2,1,1,1,0,1,1,2,0,2,0,1,1,0,1
5,2,1,1,0,1,1,2,0,0,2,1,0,1,0,0
1,0,0,1,0,1,1,1,1,0,0,0,1,0,1,2
2,0,0,1,0,1,1,2,1,0,0,0,1,1,0,1
3,2,0,1,0,1,1,2,1,1,0,1,0,0,1,0
4,2,0,1,0,0,0,2,1,1,0,0,1,1,0,2
2,0,1,1,0,1,0,1,1,0,0,0,1,0,1,1
2,0,0,1,0,1,0,1,1,0,0,0,1,1,0,1
3,1,0,0,0,1,0,1,1,0,0,0,1,0,1,1
4,2,0,0,0,1,0,2,0,0,0,1,0,1,0,1
0,0,0,1,0,1,0,2,1,0,0,0,1,0,1,1
2,0,1,1,0,0,0,2,1,0,0,0,1,1,0,1
2,0,0,1,0,0,0,2,2,0,0,0,1,0,1,1
2,0,0,1,0,1,0,1,1,0,0,0,1,1,0,0
4,2,0,1,0,1,0,2,1,1,0,1,0,0,1,1
3,1,0,0,0,1,0,1,2,1,0,0,1,0,1,0
3,0,0,1,0,1,1,2,1,0,0,1,0,1,0,1
2,0,0,1,0,1,0,2,1,0,0,0,1,1,0,1
2,0,0,1,0,0,0,1,1,0,0,0,1,1,0,0
2,0,0,1,0,1,0,1,1,0,0,0,1,1,0,1
4,2,1,1,0,1,1,1,2,1,2,0,1,1,0,1
3,1,0,0,0,1,0,1,2,1,0,0,1,0,1,0
3,1,0,1,0,1,1,1,1,1,0,1,0,1,0,1
3,0,0,1,0,1,0,2,1,0,0,1,0,0,1,0
2,0,0,0,0,1,0,1,0,0,0,1,0,1,0,0
2,0,0,1,0,1,0,2,1,0,0,0,1,1,0,1
4,2,0,1,1,1,0,2,1,1,0,0,1,0,1,1
2,0,0,0,0,1,0,1,0,0,0,1,0,1,0,0
0,0,0,1,0,1,0,2,1,0,0,0,1,0,1,1
4,2,1,1,0,1,1,2,2,0,2,0,1,1,0,0
2,0,0,1,0,2,1,1,1,0,0,0,1,0,1,2
3,1,0,1,0,1,1,2,1,0,0,0,1,1,0,1
2,0,0,1,0,1,0,1,1,0,0,0,1,1,0,1
2,0,0,1,0,0,1,1,1,0,0,0,1,0,1,1
4,2,0,1,0,1,1,2,0,0,0,1,0,0,1,0
4,2,0,1,0,0,0,2,1,1,0,0,1,1,0,2
3,1,1,1,0,1,0,2,1,0,0,1,0,1,0,1
5,2,0,1,0,1,1,2,0,0,0,1,0,0,1,0
2,0,0,1,0,1,1,2,1,0,0,1,0,1,0,2
4,2,0,1,0,1,0,2,1,0,0,0,1,0,1,1
2,0,0,1,0,0,0,1,1,0,0,0,1,0,1,0
3,1,0,1,0,1,1,1,1,1,0,1,0,1,0,1
3,1,0,0,0,1,0,1,1,0,0,0,1,0,1,1
2,0,0,1,0,0,0,1,1,0,0,0,1,0,1,1
4,2,0,0,0,1,0,0,1,0,0,1,0,0,1,0
5,2,0,0,0,0,0,2,1,0,0,1,0,0,1,0
1,0,0,1,0,0,0,1,1,0,0,0,1,0,1,2
4,2,1,1,0,1,1,2,1,0,0,0,1,1,0,0
4,2,0,1,0,1,0,2,1,0,0,0,1,1,0,0
2,0,0,1,1,0,1,2,0,0,0,0,1,1,0,0
3,0,0,1,0,1,1,2,1,0,0,1,0,1,0,1
4,2,0,1,0,0,0,2,1,1,0,0,1,1,0,2
2,0,0,1,0,0,0,1,1,0,0,0,1,1,0,0
4,1,1,1,0,1,0,2,1,0,0,1,0,1,0,1
3,2,1,1,0,1,1,2,1,0,2,0,1,0,1,1
4,2,0,1,0,1,1,2,2,0,1,0,1,1,0,1
4,2,0,0,0,0,0,1,1,0,0,1,0,1,0,0
4,2,1,1,0,1,1,2,1,0,0,0,1,1,0,0
1,0,0,0,0,1,0,1,0,0,0,1,0,0,1,0
3,1,0,1,0,1,1,2,1,0,2,0,1,0,1,1
3,1,0,1,0,1,0,1,1,0,0,1,0,0,1,0
5,2,1,1,0,1,1,2,2,0,2,0,1,1,0,1
3,1,0,0,0,1,1,2,1,0,0,0,1,0,1,0
4,2,0,0,1,1,0,2,1,0,0,1,0,1,0,0
3,1,0,1,0,1,1,2,2,0,0,1,0,1,0,1
4,2,1,1,0,2,1,2,2,0,0,0,1,1,0,0
3,0,0,1,0,1,1,2,0,0,0,0,1,0,1,0
2,0,1,1,0,1,0,1,1,0,0,0,1,0,1,1
3,1,0,0,1,1,0,1,1,0,0,1,0,0,1,0
3,1,0,0,0,1,1,2,1,0,0,1,0,1,0,0
4,2,0,1,0,1,1,2,2,0,2,0,1,1,0,1
3,2,0,1,0,1,1,2,1,1,0,1,0,0,1,0
3,0,0,1,0,1,1,2,1,0,0,1,0,1,0,1
5,2,0,1,0,1,1,2,1,1,0,0,1,1,0,1
4,2,1,1,0,1,1,2,1,1,0,0,1,1,0,1
4,2,0,1,0,1,0,1,1,1,0,1,0,1,0,0
4,2,1,1,0,1,1,2,1,1,2,0,1,1,0,2
3,1,0,1,1,1,1,2,1,0,0,0,1,0,1,0
2,0,0,1,0,1,0,2,1,0,0,0,1,1,0,2
4,2,0,1,0,2,1,2,2,0,1,0,1,0,1,1
2,0,0,1,0,2,1,2,1,0,0,1,0,0,1,1
0,0,0,1,0,1,1,2,1,0,0,0,1,0,1,1
1,0,0,1,0,1,0,2,0,0,0,1,0,1,0,0
4,2,1,1,1,1,0,1,2,1,0,0,1,1,0,1
4,2,1,1,0,1,1,1,1,1,0,0,1,1,0,1
4,2,0,1,0,1,1,2,2,1,2,0,1,1,0,1
0,0,0,1,0,1,0,2,1,0,0,0,1,0,1,1
2,0,0,1,0,0,1,1,1,0,0,0,1,0,1,1
0,0,0,1,0,0,0,2,1,0,0,0,1,0,1,1
2,0,0,1,0,1,1,2,0,0,0,0,1,1,0,0
3,2,0,1,0,1,1,1,1,1,2,1,0,1,0,1
2,0,0,1,0,1,0,2,1,0,0,0,1,0,1,1
5,2,1,1,0,2,1,2,1,0,2,1,0,1,0,2
3,1,1,0,0,1,0,2,0,0,0,1,0,1,0,0
5,2,1,0,0,0,0,2,1,0,0,1,0,1,0,1
3,1,0,1,0,1,0,1,1,0,0,1,0,0,1,0
2,0,0,1,1,0,1,2,1,0,0,0,1,1,0,0
2,0,0,1,0,0,0,1,1,0,0,0,1,0,1,1
2,0,0,1,0,1,0,1,1,0,0,0,1,1,0,1
3,1,0,1,0,0,0,1,1,0,0,1,0,1,0,0
5,2,0,1,0,1,1,2,1,0,0,1,0,0,1,0
4,2,0,1,0,1,0,2,1,0,0,1,0,0,1,0
3,2,1,1,0,1,0,1,1,0,0,0,1,0,1,0
2,0,0,1,0,1,0,2,1,0,0,0,1,1,0,1
2,0,0,1,0,1,0,2,1,0,0,0,1,1,0,1
2,0,0,1,0,1,0,2,1,0,0,0,1,1,0,2
2,0,0,1,0,1,0,1,1,0,0,0,1,1,0,0
3,1,0,1,0,1,1,2,1,0,0,1,0,1,0,0
4,2,1,1,0,1,0,1,1,1,0,1,0,1,0,1
2,0,0,1,0,0,0,2,1,0,0,0,1,1,0,1
3,1,0,0,1,1,0,1,1,0,0,1,0,1,0,0
4,2,0,1,0,0,0,2,0,0,0,1,0,0,1,0
2,0,0,0,0,1,0,1,1,0,0,1,0,0,1,0
4,2,0,1,0,0,0,2,1,1,0,0,1,1,0,2
3,0,0,0,0,2,0,2,1,0,0,1,0,0,1,2
2,0,0,1,0,0,0,1,1,0,0,0,1,1,0,0
4,2,1,0,1,1,0,1,2,1,0,0,1,1,0,2
0,0,0,1,0,0,0,2,1,0,0,0,1,0,1,1
3,1,0,1,0,1,1,1,1,1,0,1,0,1,0,1
2,0,0,0,0,1,0,1,1,0,0,1,0,0,1,0
2,0,0,1,0,0,0,1,1,0,0,0,1,1,0,1
4,2,1,1,0,1,1,1,1,0,2,0,1,1,0,1
4,2,1,0,0,1,0,1,1,1,2,0,1,1,0,1
5,2,0,0,0,1,0,2,1,0,0,1,0,1,0,2
2,0,0,1,0,2,0,1,1,0,0,0,1,1,0,1
2,0,0,1,0,1,1,2,1,0,0,1,0,1,0,2
2,0,0,1,0,0,0,1,1,0,0,0,1,1,0,0
3,1,0,1,0,1,1,2,2,0,0,0,1,0,1,1
3,1,0,0,0,1,1,2,1,0,0,0,1,0,1,0
1,0,0,1,0,2,1,2,1,0,0,0,1,1,0,1
4,2,1,1,0,1,1,2,2,1,2,0,1,1,0,1
3,0,0,1,0,2,0,2,1,0,0,1,0,1,0,1
4,2,1,0,1,1,0,1,1,0,0,1,0,1,0,0
2,0,0,1,0,1,0,1,1,0,0,0,1,1,0,1
2,0,0,1,0,1,0,2,1,0,0,0,1,1,0,1
3,1,0,0,0,1,1,2,1,0,0,0,1,0,1,0
2,0,0,1,0,0,0,1,1,0,0,0,1,0,1,0
0,0,0,1,0,2,0,2,1,1,0,1,0,0,1,0
2,0,0,1,1,1,1,2,1,0,0,0,1,1,0,1
4,1,0,0,1,0,0,1,1,1,0,1,0,1,0,0
0,0,0,1,0,1,1,2,1,0,0,0,1,0,1,1
1,0,0,1,0,2,1,2,1,0,0,0,1,0,1,2
5,2,0,0,0,0,0,2,0,0,0,1,0,1,0,0
4,2,1,0,1,1,0,1,2,0,2,0,1,1,0,0
2,0,0,0,0,1,0,1,1,0,0,0,1,1,0,0
2,0,0,1,0,1,0,2,1,0,0,0,1,0,1,1
4,2,0,1,0,1,0,2,2,0,0,1,0,1,0,1
2,0,0,1,0,1,1,2,1,0,0,1,0,1,0,1
4,2,0,0,0,1,0,2,1,0,0,1,0,1,0,1
4,2,0,1,0,1,1,2,2,0,1,0,1,1,0,1
2,0,0,1,0,1,0,2,1,0,0,0,1,0,1,1
3,1,0,1,0,1,1,2,1,0,0,0,1,0,1,0
3,0,0,1,0,1,1,2,1,0,0,0,1,0,1,0
4,2,0,0,0,1,1,2,0,0,0,0,1,1,0,1
3,1,0,0,0,1,0,1,1,0,0,0,1,0,1,1
2,0,0,1,0,1,1,1,1,0,0,1,0,0,1,0
3,0,0,1,0,1,1,2,1,0,0,1,0,1,0,1
3,1,0,0,0,1,1,2,1,0,0,1,0,1,0,0
1,0,0,1,0,1,0,2,0,0,0,1,0,1,0,0
4,2,1,1,1,0,1,1,2,0,2,0,1,1,0,1
2,0,0,1,0,1,0,1,1,0,0,0,1,1,0,1
3,2,1,1,0,1,0,1,1,0,0,0,1,0,1,0
2,0,0,0,0,1,0,1,0,0,0,1,0,1,0,0
4,2,1,0,1,1,0,1,1,0,0,1,0,1,0,1
1,0,0,0,0,1,0,1,0,0,0,1,0,1,0,0
3,0,0,1,0,1,1,2,1,0,0,1,0,1,0,1
3,1,0,1,0,1,1,2,2,0,0,0,1,0,1,2
4,2,1,1,0,1,1,1,2,1,0,0,1,0,1,1
4,2,0,1,0,1,1,2,2,0,1,0,1,1,0,1
3,1,1,1,0,1,1,2,1,1,1,1,0,1,0,1
4,2,1,1,0,1,1,2,1,1,0,0,1,0,1,1
2,0,0,1,0,1,0,1,1,0,0,0,1,0,1,1
4,1,0,0,1,0,0,1,1,1,0,1,0,1,0,0
3,0,0,1,0,1,1,2,1,0,0,0,1,0,1,0
3,1,0,1,1,1,1,2,2,0,0,0,1,0,1,1
4,2,1,1,0,2,1,2,2,0,2,0,1,0,1,2
2,0,0,1,1,0,1,2,1,0,0,0,1,1,0,0
4,2,0,1,0,1,0,2,0,0,0,0,1,1,0,0
4,2,1,0,1,1,0,1,2,0,2,0,1,1,0,0
